Walmart,walmart,"Wal-Mart Stores, Inc.",WMT,guess
Exxon Mobil,exxon mobil,Exxon Mobil Corporation,XOM,
Apple,apple,Apple Inc.,AAPL,
Berkshire Hathaway,berkshire hathaway,Berkshire Hathaway Inc. Class B,BRK.B,
McKesson,mckesson,McKesson Corporation,MCK,
UnitedHealth Group,unitedhealth,UnitedHealth Group Incorporated,UNH,
CVS Health,cvs health,CVS Health Corporation,CVS,
General Motors,general motors,General Motors Company,GM,
Ford Motor,ford motor,Ford Motor Company,F,
AT&T,att,AT&T Inc.,T,
General Electric,general electric,General Electric Company,GE,
AmerisourceBergen,amerisourcebergen,AmerisourceBergen Corporation,ABC,
Verizon,verizon,Verizon Communications Inc.,VZ,guess
Chevron,chevron,Chevron Corporation,CVX,
Costco,costco,Costco Wholesale Corporation,COST,guess
Fannie Mae,fannie mae,fannie mae,FNMA,abbrev
Kroger,kroger,Kroger Co.,KR,
Amazon.com,amazoncom,"Amazon.com, Inc.",AMZN,
Walgreens Boots Alliance,walgreens boots alliance,Walgreens Boots Alliance Inc,WBA,
HP,hp,HP Inc.,HPQ,
Cardinal Health,cardinal health,"Cardinal Health, Inc.",CAH,
Express Scripts Holding,express scripts,Express Scripts Holding Company,ESRX,
J.P. Morgan Chase,jp morgan chase,J.P. Morgan & Co. Incorporated,JPM.Z,guess
Boeing,boeing,Boeing Company,BA,
Microsoft,microsoft,Microsoft Corporation,MSFT,
Bank of America Corp.,bank of america,Bank of America Corporation,BAC,
Wells Fargo,wells fargo,Wells Fargo & Company,WFC.Z,
Home Depot,home depot,"Home Depot, Inc.",HD,
Citigroup,citigroup,Citigroup Inc,C,
Phillips 66,phillips 66,Phillips 66 Partners LP,PSXP,
IBM,ibm,ibm,IBM,abbrev
Valero Energy,valero energy,Valero Energy Partners LP,VLP,
Anthem,anthem,"Anthem, Inc.",ANTM,
Procter & Gamble,procter gamble,Procter & Gamble Company,PG,
State Farm Insurance Cos.,state farm insurance cos,,,NONE FOUND
Alphabet,alphabet,Alphabet Inc. Class C,GOOG,
Comcast,comcast,Comcast Corporation Class A,CMCSA,
Target,target,Target Corporation,TGT,
Johnson & Johnson,johnson johnson,Johnson & Johnson,JNJ,
MetLife,metlife,"MetLife, Inc.",MET,
Archer Daniels Midland,archer daniels midland,,,NONE FOUND
Marathon Petroleum,marathon petroleum,Marathon Petroleum Corporation,MPC,
Freddie Mac,freddie mac,freddie mac,FMCC,abbrev
PepsiCo,pepsico,"PepsiCo, Inc.",PEP,
United Technologies,united,United Technologies Corporation,UTX,
Aetna,aetna,Aetna Inc.,AET,
Lowes,lowes,"Lowe's Companies, Inc.",LOW,guess
UPS,ups,ups,UPS,abbrev
AIG,aig,aig,AIG,abbrev
Prudential Financial,prudential financial,"Prudential Financial, Inc.",PRU,
Intel,intel,Intel Corporation,INTC,
Humana,humana,Humana Inc.,HUM,
Disney,disney,Walt Disney Company,DIS,guess
Cisco Systems,cisco systems,"Cisco Systems, Inc.",CSCO,
Pfizer,pfizer,Pfizer Inc.,PFE,
Dow Chemical,dow chemical,Dow Chemical Company,DOW,
Sysco,sysco,Sysco Corporation,SYY,
FedEx,fedex,FedEx Corporation,FDX,
Caterpillar,caterpillar,Caterpillar Inc.,CAT,
Lockheed Martin,lockheed martin,Lockheed Martin Corporation,LMT,
New York Life Insurance,new york life insurance,,,NONE FOUND
Coca-Cola,cocacola,Coca-Cola Company,KO,
HCA Holdings,hca,HCA Inc.,HCA.2,
Ingram Micro,ingram micro,Ingram Micro Inc. Class A,IM,
Energy Transfer Equity,energy transfer equity,"Energy Transfer Equity, L.P.",ETE,
Tyson Foods,tyson foods,"Tyson Foods, Inc. Class A",TSN,
American Airlines Group,american airlines,"American Airlines Group, Inc.",AAL,
Delta Air Lines,delta air lines,"Delta Air Lines, Inc.",DAL,
Nationwide,nationwide,Nationwide Financial Services Inc.,NFS,guess
Johnson Controls,johnson controls,"Johnson Controls, Inc.",247680,
Best Buy,best buy,"Best Buy Co., Inc.",BBY,
Merck,merck,"Merck & Co., Inc.",MRK,
Liberty Mutual Insurance Group,liberty mutual insurance,,,NONE FOUND
Goldman Sachs Group,goldman sachs,"Goldman Sachs Group, Inc.",GS,
Honeywell International,honeywell international,Honeywell International Inc.,HON,
Massachusetts Mutual Life Insurance,massachusetts mutual life insurance,,,NONE FOUND
Oracle,oracle,Oracle Corporation,ORCL,
Morgan Stanley,morgan stanley,Morgan Stanley Group Inc.,MS.D,
Cigna,cigna,Cigna Corporation,CI,
United Continental Holdings,united continental,"United Continental Holdings, Inc.",UAL,
Allstate,allstate,Allstate Corporation,ALL,
TIAA,tiaa,,,NONE FOUND
INTL FCStone,intl fcstone,INTL FCStone Inc.,INTL,
CHS,chs,,,NONE FOUND
American Express,american express,American Express Company,AXP,
Gilead Sciences,gilead sciences,"Gilead Sciences, Inc.",GILD,
Publix Super Markets,publix super markets,,,NONE FOUND
General Dynamics,general dynamics,General Dynamics Corporation,GD,
TJX,tjx,TJX Co. Inc.,TJX.,
ConocoPhillips,conocophillips,ConocoPhillips,COP,
Nike,nike,"NIKE, Inc. Class B",NKE,
World Fuel Services,world fuel services,World Fuel Services Corporation,INT,
3M,3m,3M Company,MMM,
Mondelez International,mondelez international,"Mondelez International, Inc. Class A",MDLZ,
Exelon,exelon,Exelon Corporation,EXC,
Twenty-First Century Fox,twentyfirst century fox,"Twenty-First Century Fox, Inc. Class B",FOX,
Deere,deere,Deere & Company,DE,
Tesoro,tesoro,Tesoro Corporation,TSO,
Time Warner,time warner,Time Warner Inc.,TWX,
Northwestern Mutual,northwestern mutual,,,NONE FOUND
DuPont,dupont,"DuPont Photomasks, Inc.",DPMI,guess
Avnet,avnet,"Avnet, Inc.",AVT,
Macys,macys,Macy's Inc,M,
Enterprise Products Partners,enterprise products,Enterprise Products Partners L.P.,EPD,
Travelers Cos.,travelers cos,,,NONE FOUND
Philip Morris International,philip morris international,Philip Morris International Inc.,PM,
Rite Aid,rite aid,Rite Aid Corporation,RAD,
Tech Data,tech data,Tech Data Corporation,TECD,
McDonalds,mcdonalds,McDonald's Corporation,MCD,
Qualcomm,qualcomm,QUALCOMM Incorporated,QCOM,
Sears Holdings,sears,Sears Holdings Corporation,SHLD,
Capital One Financial,capital one financial,Capital One Financial Corporation,COF,
EMC,emc,EMC Corporation,EMC,
USAA,usaa,,,NONE FOUND
Duke Energy,duke energy,Duke Energy Corporation,DUK,
Time Warner Cable,time warner cable,Time Warner Cable Inc.,TWC,
Halliburton,halliburton,Halliburton Company,HAL,
Northrop Grumman,northrop grumman,Northrop Grumman Corporation,NOC,
Arrow Electronics,arrow electronics,"Arrow Electronics, Inc.",ARW,
Raytheon,raytheon,Raytheon Company,RTN.A,
Plains GP Holdings,plains gp,Plains GP Holdings LP Class A,PAGP,
US Foods Holding,us foods,US Foods Holding Corp.,USFD,
AbbVie,abbvie,"AbbVie, Inc.",ABBV,
Centene,centene,Centene Corporation,CNC,
Community Health Systems,community health systems,"Community Health Systems, Inc.",CYH.D,
Alcoa,alcoa,Alcoa Corp.,AA,
International Paper,international paper,International Paper Company,IP,
Emerson Electric,emerson electric,Emerson Electric Co.,EMR,
Union Pacific,union pacific,Union Pacific Corporation,UNP,
Amgen,amgen,Amgen Inc.,AMGN,
U.S. Bancorp,us bancorp,U.S. Bancorp,USBC.,
Staples,staples,"Staples, Inc.",SPLS,
Danaher,danaher,Danaher Corporation,DHR,
Whirlpool,whirlpool,Whirlpool Corporation,WHR,
Aflac,aflac,Aflac Incorporated,AFL,
AutoNation,autonation,"AutoNation, Inc.",AN,
Progressive,progressive,Progressive Corporation,PGR,
Abbott Laboratories,abbott laboratories,Abbott Laboratories,ABT,
Dollar General,dollar general,Dollar General Corporation,DG,
Tenet Healthcare,tenet healthcare,Tenet Healthcare Corporation,THC,
Eli Lilly,eli lilly,Eli Lilly and Company,LLY,guess
Southwest Airlines,southwest airlines,Southwest Airlines Co.,LUV,
Penske Automotive Group,penske automotive,"Penske Automotive Group, Inc.",PAG,
ManpowerGroup,manpowergroup,ManpowerGroup Inc.,MAN,
Kohls,kohls,Kohl's Corporation,KSS,
Starbucks,starbucks,Starbucks Corporation,SBUX,
Paccar,paccar,PACCAR Inc,PCAR,
Cummins,cummins,Cummins Inc.,CMI,
Altria Group,altria,"Altria Group, Inc.",MO,
Xerox,xerox,Xerox Corporation,XRX,
Kimberly-Clark,kimberlyclark,Kimberly-Clark Corporation,KMB,
Hartford Financial Services Group,hartford financial services,"Hartford Financial Services Group, Inc.",HIG,
Kraft Heinz,kraft heinz,Kraft Heinz Company,KHC,
Lear,lear,Lear Corporation,LEA,
Fluor,fluor,Fluor Corporation,FLR,
AECOM,aecom,AECOM,ACM,
Facebook,facebook,"Facebook, Inc. Class A",FB,
Jabil Circuit,jabil circuit,"Jabil Circuit, Inc.",JBL,
CenturyLink,centurylink,"CenturyLink, Inc.",CTL,
Supervalu,supervalu,SUPERVALU INC.,SVU,
General Mills,general mills,"General Mills, Inc.",GIS,
Southern,southern,Southern Company,SO,
NextEra Energy,nextera energy,"NextEra Energy, Inc.",NEE,
Thermo Fisher Scientific,thermo fisher scientific,Thermo Fisher Scientific Inc.,TMO,
American Electric Power,american electric power,"American Electric Power Company, Inc.",AEP,
PG&E Corp.,pge,PG&E Corporation,PCG,
NGL Energy Partners,ngl energy,NGL Energy Partners LP,NGL,
Bristol-Myers Squibb,bristolmyers squibb,Bristol-Myers Squibb Company,BMY,
Goodyear Tire & Rubber,goodyear tire rubber,Goodyear Tire & Rubber Company,GT,
Nucor,nucor,Nucor Corporation,NUE,
PNC Financial Services Group,pnc financial services,"PNC Financial Services Group, Inc.",PNC,
Health Net,health net,"Health Net, Inc.",HNT,
Micron Technology,micron technology,"Micron Technology, Inc.",MU,
Colgate-Palmolive,colgatepalmolive,Colgate-Palmolive Company,CL,
Freeport-McMoRan,freeportmcmoran,"Freeport-McMoRan, Inc.",FCX,
ConAgra Foods,conagra foods,,,NONE FOUND
Gap,gap,"Gap, Inc.",GPS,
Baker Hughes,baker hughes,Baker Hughes Incorporated,BHI,
Bank of New York Mellon Corp.,bank of new york mellon,Bank of New York Mellon Corporation,BK,
Dollar Tree,dollar tree,"Dollar Tree, Inc.",DLTR,
Whole Foods Market,whole foods market,"Whole Foods Market, Inc.",WFM,
PPG Industries,ppg,"PPG Industries, Inc.",PPG,
Genuine Parts,genuine parts,Genuine Parts Company,GPC,
Icahn Enterprises,icahn enterprises,Icahn Enterprises L.P.,IEP,
Performance Food Group,performance food,Performance Food Group Company,PFGC,
Omnicom Group,omnicom,Omnicom Group Inc,OMC,
DISH Network,dish network,DISH Network Corporation Class A,DISH,
FirstEnergy,firstenergy,FirstEnergy Corp.,FE,
Monsanto,monsanto,Monsanto Company,MON,
AES,aes,AES Corporation,AES,
CarMax,carmax,"CarMax, Inc.",KMX,
National Oilwell Varco,national oilwell varco,"National Oilwell Varco, Inc.",NOV,
NRG Energy,nrg energy,"NRG Energy, Inc.",NRG.D,
Western Digital,western digital,Western Digital Corporation,WDC,
Marriott International,marriott international,"Marriott International, Inc. Class A",MAR,
Office Depot,office depot,"Office Depot, Inc.",ODP,
Nordstrom,nordstrom,"Nordstrom, Inc.",JWN,
Kinder Morgan,kinder morgan,Kinder Morgan Inc.,KMI.1,
Aramark,aramark,ARAMARK Corporation,RMK,
DaVita HealthCare Partners,davita healthcare,,,NONE FOUND
Molina Healthcare,molina healthcare,"Molina Healthcare, Inc.",MOH,
WellCare Health Plans,wellcare health plans,"WellCare Health Plans, Inc.",WCG,
CBS,cbs,CBS Inc.,CBS.1,
Visa,visa,Visa Inc. Class A,V,
Lincoln National,lincoln national,Lincoln National Corporation,LNC,
Ecolab,ecolab,Ecolab Inc.,ECL,
Kellogg,kellogg,Kellogg Company,K,
C.H. Robinson Worldwide,ch robinson worldwide,"C.H. Robinson Worldwide, Inc.",CHRW,
Textron,textron,Textron Inc.,TXT,
Loews,loews,Loews Corporation,L,
Illinois Tool Works,illinois tool works,Illinois Tool Works Inc.,ITW,
Synnex,synnex,SYNNEX Corporation,SNX,
Viacom,viacom,Viacom Inc. Class B,VIAB,
HollyFrontier,hollyfrontier,HollyFrontier Corporation,HFC,
Land OLakes,land olakes,,,NONE FOUND
Devon Energy,devon energy,Devon Energy Corporation,DVN,
PBF Energy,pbf energy,"PBF Energy, Inc. Class A",PBF,
Yum Brands,yum brands,"Yum! Brands, Inc.",YUM,
Texas Instruments,texas instruments,Texas Instruments Incorporated,TXN,
CDW,cdw,CDW Corp.,CDWC,
Waste Management,waste management,"Waste Management, Inc.",WM,
Marsh & McLennan,marsh mclennan,"Marsh & McLennan Companies, Inc.",MMC,guess
Chesapeake Energy,chesapeake energy,Chesapeake Energy Corporation,CHK,
Parker-Hannifin,parkerhannifin,Parker-Hannifin Corporation,PH,
Occidental Petroleum,occidental petroleum,Occidental Petroleum Corporation,OXY,
Guardian Life Ins. Co. of America,guardian life ins of america,,,NONE FOUND
Farmers Insurance Exchange,farmers insurance exchange,,,NONE FOUND
J.C. Penney,jc penney,,,NONE FOUND
Consolidated Edison,consolidated edison,"Consolidated Edison, Inc.",ED,
Cognizant Technology Solutions,cognizant technology solutions,Cognizant Technology Solutions Corporation Class A,CTSH,
VF,vf,V.F. Corporation,VFC,
Ameriprise Financial,ameriprise financial,"Ameriprise Financial, Inc.",AMP,
Computer Sciences,computer sciences,Computer Sciences Corporation,CSC,
L Brands,l brands,"L Brands, Inc.",LB,
Jacobs Engineering Group,jacobs engineering,Jacobs Engineering Group Inc.,JEC,
Principal Financial,principal financial,"Principal Financial Group, Inc.",PFG,
Ross Stores,ross stores,"Ross Stores, Inc.",ROST,
Bed Bath & Beyond,bed bath beyond,Bed Bath & Beyond Inc.,BBBY,
CSX,csx,CSX Corporation,CSX,
Toys R Us,toys r us,Toys R Us Inc.,TOY,
Las Vegas Sands,las vegas sands,Las Vegas Sands Corp.,LVS,
Leucadia National,leucadia national,Leucadia National Corporation,LUK,
Dominion Resources,dominion resources,"Dominion Resources, Inc.",D,
United States Steel,united states steel,United States Steel Corporation,X,
L-3 Communications,l3 communications,"L3 Technologies, Inc.",LLL,guess
Edison International,edison international,Edison International,EIX,
Entergy,entergy,Entergy Corporation,ETR,
ADP,adp,adp,ADP,abbrev
First Data,first data,First Data Corporation Class A,FDC,
BlackRock,blackrock,"BlackRock, Inc.",BLK,
WestRock,westrock,WestRock Co.,WRK,
Voya Financial,voya financial,"Voya Financial, Inc.",VOYA,
Sherwin-Williams,sherwinwilliams,Sherwin-Williams Company,SHW,
Hilton Worldwide Holdings,hilton worldwide,"Hilton Worldwide Holdings, Inc.",HLT,
R.R. Donnelley & Sons,rr donnelley sons,R.R. Donnelley & Sons Company,RRD,
Stanley Black & Decker,stanley black decker,"Stanley Black & Decker, Inc.",SWK,
Xcel Energy,xcel energy,Xcel Energy Inc.,XEL,
Murphy USA,murphy usa,"Murphy USA, Inc.",MUSA,
CBRE Group,cbre,"CBRE Group, Inc. Class A",CBG,
D.R. Horton,dr horton,"D.R. Horton, Inc.",DHI,
Estee Lauder,estee lauder,Estee Lauder Companies Inc. Class A,EL,guess
Praxair,praxair,"Praxair, Inc.",PX,
Biogen,biogen,Biogen Inc.,BIIB,
State Street Corp.,state street,State Street Corporation,STT,
Unum Group,unum,Unum Group,UNM,
Reynolds American,reynolds american,Reynolds American Inc.,RAI,
Group 1 Automotive,1 automotive,"Group 1 Automotive, Inc.",GPI,
Henry Schein,henry schein,"Henry Schein, Inc.",HSIC,
Hertz Global Holdings,hertz global,"Hertz Global Holdings, Inc.",HTZ,
Norfolk Southern,norfolk southern,Norfolk Southern Corporation,NSC,
Reinsurance Group of America,reinsurance of america,"Reinsurance Group of America, Incorporated",RGA,
Public Service Enterprise Group,public service enterprise,Public Service Enterprise Group Inc,PEG,
BB&T Corp.,bbt,BB&T Corporation,BBT,
DTE Energy,dte energy,DTE Energy Company,DTE,
Assurant,assurant,"Assurant, Inc.",AIZ,
Global Partners,global,Global Partners LP,GLP,
Huntsman,huntsman,Huntsman Corporation,HUN,
Becton Dickinson,becton dickinson,"Becton, Dickinson and Company",BDX,guess
Sempra Energy,sempra energy,Sempra Energy,SRE,
AutoZone,autozone,"AutoZone, Inc.",AZO,
Navistar International,navistar international,Navistar International Corporation,NAV,
Precision Castparts,precision castparts,Precision Castparts Corp.,PCP,
Discover Financial Services,discover financial services,Discover Financial Services,DFS,
Liberty Interactive,liberty interactive,Liberty Interactive Corporation Class B,LVNTB,
W.W. Grainger,ww grainger,"W.W. Grainger, Inc.",GWW,
Baxter International,baxter international,Baxter International Inc.,BAX,
Stryker,stryker,Stryker Corporation,SYK,
Air Products & Chemicals,air products chemicals,"Air Products and Chemicals, Inc.",APD,guess
Western Refining,western refining,"Western Refining, Inc.",WNR,
Universal Health Services,universal health services,"Universal Health Services, Inc. Class B",UHS,
Owens & Minor,owens minor,"Owens & Minor, Inc.",OMI,
Charter Communications,charter communications,"Charter Communications, Inc. Class A",CHTR,
Advance Auto Parts,advance auto parts,"Advance Auto Parts, Inc.",AAP,
MasterCard,mastercard,Mastercard Incorporated Class A,MA,
Applied Materials,applied materials,"Applied Materials, Inc.",AMAT,
Eastman Chemical,eastman chemical,Eastman Chemical Company,EMN,
Sonic Automotive,sonic automotive,"Sonic Automotive, Inc. Class A",SAH,
Ally Financial,ally financial,Ally Financial Inc,ALLY,
CST Brands,cst brands,"CST Brands, Inc.",CST,
eBay,ebay,eBay Inc.,EBAY,
Lennar,lennar,Lennar Corporation Class B,LEN.B,
GameStop,gamestop,GameStop Corp. Class A,GME,
Reliance Steel & Aluminum,reliance steel aluminum,Reliance Steel & Aluminum Co.,RS,
Hormel Foods,hormel foods,Hormel Foods Corporation,HRL,
Celgene,celgene,Celgene Corporation,CELG,
Genworth Financial,genworth financial,"Genworth Financial, Inc. Class A",GNW,
PayPal Holdings,paypal,"PayPal, Inc.",PYPL.1,
Priceline Group,priceline,Priceline Group Inc,PCLN,
MGM Resorts International,mgm resorts international,MGM Resorts International,MGM,
Autoliv,autoliv,Autoliv Inc.,ALV,
Fidelity National Financial,fidelity national financial,Fidelity National Financial Inc.,FNF.1,
Republic Services,republic services,"Republic Services, Inc.",RSG,
Corning,corning,Corning Inc,GLW,
Peter Kiewit Sons,peter kiewit sons,,,NONE FOUND
Univar,univar,"Univar, Inc.",UNVR,
Mosaic,mosaic,Mosaic Company,MOS,
Core-Mark Holding,coremark,"Core-Mark Holding Company, Inc.",CORE,
Thrivent Financial for Lutherans,thrivent financial for lutherans,,,NONE FOUND
Cameron International,cameron international,Cameron International Corporation,CAM,
HD Supply Holdings,hd supply,"HD Supply Holdings, Inc.",HDS,
Crown Holdings,crown,"Crown Holdings, Inc.",CCK,
EOG Resources,eog resources,"EOG Resources, Inc.",EOG,
Veritiv,veritiv,Veritiv Corp,VRTV,
Anadarko Petroleum,anadarko petroleum,Anadarko Petroleum Corporation,APC,
Laboratory Corp. of America,laboratory of america,Laboratory Corporation of America Holdings,LH,
Pacific Life,pacific life,,,NONE FOUND
News Corp.,news,News Corporation Class B,NWS,
Jarden,jarden,Jarden Corporation,JAH,
SunTrust Banks,suntrust banks,"SunTrust Banks, Inc.",STI,
Avis Budget Group,avis budget,"Avis Budget Group, Inc.",CAR,
Broadcom,broadcom,Broadcom Limited,AVGO,
American Family Insurance Group,american family insurance,American National Insurance Company,ANAT,guess
Level 3 Communications,level 3 communications,"Level 3 Communications, Inc.",LVLT,
Tenneco,tenneco,Tenneco Inc.,TEN,
United Natural Foods,united natural foods,"United Natural Foods, Inc.",UNFI,
Dean Foods,dean foods,Dean Foods Company,DF.1,
Campbell Soup,campbell soup,Campbell Soup Company,CPB,
Mohawk Industries,mohawk,"Mohawk Industries, Inc.",MHK,
BorgWarner,borgwarner,BorgWarner Inc.,BWA,
PVH,pvh,PVH Corp.,PVH,
Ball,ball,Ball Corporation,BLL,
OReilly Automotive,oreilly automotive,"O'Reilly Automotive, Inc.",ORLY,
Eversource Energy,eversource energy,Eversource Energy,ES,
Franklin Resources,franklin resources,"Franklin Resources, Inc.",BEN,
Masco,masco,Masco Corporation,MAS,
Lithia Motors,lithia motors,"Lithia Motors, Inc. Class A",LAD,
KKR,kkr,KKR & Co. L.P.,KKR,
Oneok,oneok,"ONEOK, Inc.",OKE,
Newmont Mining,newmont mining,Newmont Mining Corporation,NEM,
PPL,ppl,PPL Corporation,PPL,
SpartanNash,spartannash,SpartanNash Company,SPTN,
Quanta Services,quanta services,"Quanta Services, Inc.",PWR,
XPO Logistics,xpo logistics,"XPO Logistics, Inc.",XPO,
Ralph Lauren,ralph lauren,Ralph Lauren Corporation Class A,RL,
Interpublic Group,interpublic,"Interpublic Group of Companies, Inc.",IPG,guess
Steel Dynamics,steel dynamics,"Steel Dynamics, Inc.",STLD,
WESCO International,wesco international,"WESCO International, Inc.",WCC,
Quest Diagnostics,quest diagnostics,Quest Diagnostics Incorporated,DGX,
Boston Scientific,boston scientific,Boston Scientific Corporation,BSX,
AGCO,agco,AGCO Corporation,AGCO,
Foot Locker,foot locker,"Foot Locker, Inc.",FL,
Hershey,hershey,Hershey Company,HSY,
CenterPoint Energy,centerpoint energy,"CenterPoint Energy, Inc.",CNP,
Williams,williams,"Williams Partners, L.P.",WPZ,
Dicks Sporting Goods,dicks sporting goods,"Dick's Sporting Goods, Inc.",DKS,
Live Nation Entertainment,live nation entertainment,"Live Nation Entertainment, Inc.",LYV,
Mutual of Omaha Insurance,mutual of omaha insurance,,,NONE FOUND
W.R. Berkley,wr berkley,,,NONE FOUND
LKQ,lkq,LKQ Corporation,LKQ,
Avon Products,avon products,"Avon Products, Inc.",AVP,
Darden Restaurants,darden restaurants,"Darden Restaurants, Inc.",DRI,
Kindred Healthcare,kindred healthcare,"Kindred Healthcare, Inc.",KND,
Weyerhaeuser,weyerhaeuser,Weyerhaeuser Company,WY,
Caseys General Stores,caseys general stores,"Casey's General Stores, Inc.",CASY,
Sealed Air,sealed air,Sealed Air Corporation,SEE,
Fifth Third Bancorp,fifth third bancorp,Fifth Third Bancorp,FITB,
Dover,dover,Dover Corporation,DOV,
Huntington Ingalls Industries,huntington ingalls,"Huntington Ingalls Industries, Inc.",HII,
Netflix,netflix,"Netflix, Inc.",NFLX,
Dillards,dillards,"Dillard's, Inc. Class A",DDS,
EMCOR Group,emcor,"EMCOR Group, Inc.",EME,
Jones Financial,jones financial,"Jones Spacelink, Ltd.",SPLKA,guess
AK Steel Holding,ak steel,AK Steel Holding Corporation,AKS,
UGI,ugi,UGI Corporation,UGI,
Expedia,expedia,"Expedia, Inc.",EXPE.,
salesforce.com,salesforcecom,"salesforce.com, inc.",CRM,
Targa Resources,targa resources,Targa Resources Partners LP,NGLS,
Apache,apache,Apache Corporation,APA,
Spirit AeroSystems Holdings,spirit aerosystems,"Spirit AeroSystems Holdings, Inc. Class A",SPR,
Expeditors International of Washington,expeditors international of washington,"Expeditors International of Washington, Inc.",EXPD,
Anixter International,anixter international,Anixter International Inc.,AXE,
Fidelity National Information Services,fidelity national information services,"Fidelity National Information Services, Inc.",FIS,
Asbury Automotive Group,asbury automotive,"Asbury Automotive Group, Inc.",ABG,
Hess,hess,Hess Corporation,HES,
Ryder System,ryder system,"Ryder System, Inc.",R,
Terex,terex,Terex Corporation,TEX,
Coca-Cola European Partners,cocacola european,Coca-Cola European Partners Plc,CCE,
Auto-Owners Insurance,autoowners insurance,,,NONE FOUND
Cablevision Systems,cablevision systems,Cablevision Systems Corporation Class A,CVC,
Symantec,symantec,Symantec Corporation,SYMC,
Charles Schwab,charles schwab,Charles Schwab Corporation,SCHW,
Calpine,calpine,Calpine Corporation,CPN,
CMS Energy,cms energy,CMS Energy Corporation,CMS,
Alliance Data Systems,alliance data systems,Alliance Data Systems Corporation,ADS,
JetBlue Airways,jetblue airways,JetBlue Airways Corporation,JBLU,
Discovery Communications,discovery communications,"Discovery Communications, Inc. Class C",DISCK,
Trinity Industries,trinity,"Trinity Industries, Inc.",TRN,
Sanmina,sanmina,,,NONE FOUND
NCR,ncr,NCR Corporation,NCR.D,
FMC Technologies,fmc,"FMC Technologies, Inc.",FTI.1,
Erie Insurance Group,erie insurance,,,NONE FOUND
Rockwell Automation,rockwell automation,"Rockwell Automation, Inc.",ROK,
Dr Pepper Snapple Group,dr pepper snapple,"Dr Pepper Snapple Group, Inc.",DPS,
iHeartMedia,iheartmedia,,,NONE FOUND
Tractor Supply,tractor supply,Tractor Supply Company,TSCO,
J.B. Hunt Transport Services,jb hunt transport services,"J.B. Hunt Transport Services, Inc.",JBHT,
Commercial Metals,commercial metals,Commercial Metals Company,CMC,
Owens-Illinois,owensillinois,"Owens-Illinois, Inc.",OI.1,
Harman International Industries,harman international,"Harman International Industries, Incorporated",HAR,
Baxalta,baxalta,"Baxalta, Inc.",BXLT,
American Financial Group,american financial,"American Financial Holdings, Inc.",AMFH,
NetApp,netapp,"NetApp, Inc.",NTAP,
Graybar Electric,graybar electric,,,NONE FOUND
Oshkosh,oshkosh,Oshkosh Corp,OSK,
Ameren,ameren,Ameren Corporation,AEE,
A-Mark Precious Metals,amark precious metals,"A-Mark Precious Metals, Inc.",AMRK,
Barnes & Noble,barnes noble,"Barnes & Noble, Inc.",BKS,
Dana Holding,dana,Dana Incorporated,DAN,
Constellation Brands,constellation brands,"Constellation Brands, Inc. Class B",STZ.B,
LifePoint Health,lifepoint health,"LifePoint Health, Inc.",LPNT,
Zimmer Biomet Holdings,zimmer biomet,"Zimmer Biomet Holdings, Inc.",ZBH,
Harley-Davidson,harleydavidson,"Harley-Davidson, Inc.",HOG,
PulteGroup,pultegroup,"PulteGroup, Inc.",PHM,
Newell Brands,newell brands,Newell Brands Inc,NWL,
Avery Dennison,avery dennison,Avery Dennison Corporation,AVY,
Jones Lang LaSalle,jones lang lasalle,Jones Lang LaSalle Incorporated,JLL,
WEC Energy Group,wec energy,WEC Energy Group Inc,WEC,
Marathon Oil,marathon oil,Marathon Oil Corporation,MRO,
TravelCenters of America,travelcenters of america,TravelCenters of America LLC,TA,guess
United Rentals,united rentals,"United Rentals, Inc.",URI,
HRG Group,hrg,"HRG Group, Inc.",HRG,
Old Republic International,old republic international,Old Republic International Corporation,ORI,
Windstream Holdings,windstream,"Windstream Holdings, Inc.",WIN,
Starwood Hotels & Resorts,starwood hotels resorts,"Starwood Hotels & Resorts Worldwide, Inc.",HOT,guess
Delek US Holdings,delek us,"Delek US Holdings, Inc.",DK,
Packaging Corp. of America,packaging of america,Packaging Corporation of America,PKG,
Quintiles Transnational Holdings,quintiles transnational,Quintiles Transnational Corp.,QTRN,
Hanesbrands,hanesbrands,Hanesbrands Inc.,HBI,
Realogy Holdings,realogy,Realogy Holdings Corp.,RLGY,
Mattel,mattel,"Mattel, Inc.",MAT,
Motorola Solutions,motorola solutions,"Motorola Solutions, Inc.",MSI,
J.M. Smucker,jm smucker,,,NONE FOUND
Regions Financial,regions financial,Regions Financial Corporation,RF,
Celanese,celanese,Celanese Corporation Class A,CE,
Clorox,clorox,Clorox Company,CLX,
Ingredion,ingredion,Ingredion Incorporated,INGR,
Genesis Healthcare,genesis healthcare,Genesis Healthcare Inc Class A,GEN,
Peabody Energy,peabody energy,Peabody International Corp,PBD.1,guess
Alaska Air Group,alaska air,"Alaska Air Group, Inc.",ALK,
Seaboard,seaboard,,,NONE FOUND
Frontier Communications,frontier communications,Frontier Communications Corporation,FTR,
Amphenol,amphenol,Amphenol Corporation Class A,APH,
Lansing Trade Group,lansing trade,,,NONE FOUND
SanDisk,sandisk,SanDisk Corporation,SNDK,
St. Jude Medical,st jude medical,"St. Jude Medical, Inc.",STJ,
Wyndham Worldwide,wyndham worldwide,Wyndham Worldwide Corporation,WYN,
Kelly Services,kelly services,"Kelly Services, Inc. Class B",KELYB,
Western Union,western union,Western Union Corporation,SVXHJK-R,
Envision Healthcare Holdings,envision healthcare,"Envision Healthcare Holdings, Inc.",EVHC.1,
Visteon,visteon,Visteon Corporation,VC,
Arthur J. Gallagher,arthur j gallagher,Arthur J. Gallagher & Co.,AJG,
Host Hotels & Resorts,host hotels resorts,"Host Hotels & Resorts, Inc.",HST,
Ashland,ashland,"Ashland Global Holdings, Inc.",ASH,guess
Insight Enterprises,insight enterprises,"Insight Enterprises, Inc.",NSIT,
Energy Future Holdings,energy future,Future Now Incorporated,FNOW,guess
Markel,markel,Markel Corporation,MKL,
Essendant,essendant,Essendant Inc.,ESND,
CH2M Hill,ch2m hill,,,NONE FOUND
Western & Southern Financial Group,western southern financial,,,NONE FOUND
Owens Corning,owens corning,Owens Corning,OC,
S&P Global,sp global,"S&P Global, Inc.",SPGI,
Raymond James Financial,raymond james financial,"Raymond James Financial, Inc.",RJF,
NiSource,nisource,NiSource Inc,NI,
Airgas,airgas,"Airgas, Inc.",ARG,
ABM Industries,abm,ABM Industries Incorporated,ABM,
Citizens Financial Group,citizens financial,"Citizens Financial Group, Inc.",CFG,
Booz Allen Hamilton Holding,booz allen hamilton,Booz Allen Hamilton Holding Corporation Class A,BAH,
Simon Property Group,simon property,"Simon Property Group, Inc.",SPG,
Domtar,domtar,Domtar Corporation,UFS,
Rockwell Collins,rockwell collins,"Rockwell Collins, Inc.",COL,
Lam Research,lam research,Lam Research Corporation,LRCX,
Fiserv,fiserv,"Fiserv, Inc.",FISV,
Spectra Energy,spectra energy,"Spectra Energy Partners, LP",SEP,
Navient,navient,Navient Corp,NAVI,
Big Lots,big lots,"Big Lots, Inc.",BIG,
Telephone & Data Systems,telephone data systems,Telephone & Data Systems - Special,TDS.S,guess
First American Financial,first american financial,First American Financial Corporation,FAMRB,
NVR,nvr,"NVR, Inc.",NVR,
Cincinnati Financial,cincinnati financial,Cincinnati Financial Corporation,CINF,
Burlington Stores,burlington stores,"Burlington Stores, Inc.",BURL,
